ID,Dist,Model,Parameter,Post_median,Post_mode,Post_SE,CI95_Low,CI95_Up,Majority_Opt
Cca1,TruncPoisson,FluctCorrDir,b,-0.106,-0.109,0.0185,-0.139,-0.0683,TRUE
Cca1,TruncPoisson,FluctCorrDir,sigma_b,0.0372,0.00403,0.0324,3.06e-5,0.101,TRUE
Cca1,TruncPoisson,FluctCorrDir,a,2.04,2.05,0.0238,1.99,2.09,TRUE
Cca1,TruncPoisson,FluctCorrDir,sigma_a,0.0546,0.0467,0.026,0.00561,0.107,TRUE
Cca1,TruncPoisson,FluctCorrDir,phi,-0.327,-0.456,0.4,-0.946,0.486,TRUE
Cca1,TruncPoisson,FluctCorrDir,sigma_ind,0.0128,0.00456,0.0113,6.19e-6,0.0373,TRUE
Cca1,TruncPoisson,FluctCorrDir,beta,-0.105,-0.108,0.0148,-0.132,-0.0748,TRUE
Cca1,TruncPoisson,FluctCorrDir,sigma_beta,0.033,0.00394,0.0232,3.07e-5,0.0767,TRUE
Cca1,TruncPoisson,FluctCorrOpt,theta,-4.82,-3.64,3.85,-13.5,-1.56,TRUE
Cca1,TruncPoisson,FluctCorrOpt,theta_unstd,-31.2,-23.6,25,-87.4,-10.1,TRUE
Cca1,TruncPoisson,FluctCorrOpt,sigma_theta,0.406,0.354,0.32,2.2e-4,1.03,TRUE
Cca1,TruncPoisson,FluctCorrOpt,sigma_theta_unstd,2.63,2.3,2.07,0.00142,6.68,TRUE
Cca1,TruncPoisson,FluctCorrOpt,log_Wmax,2.3,2.21,0.217,2.13,2.81,TRUE
Cca1,TruncPoisson,FluctCorrOpt,sigma_log_Wmax,0.0372,0.0355,0.0281,5.76e-5,0.0918,TRUE
Cca1,TruncPoisson,FluctCorrOpt,omega,6.88,6.02,1.96,4.42,11.3,TRUE
Cca1,TruncPoisson,FluctCorrOpt,phi,-0.504,-0.817,0.441,-0.99,0.451,TRUE
Cca1,TruncPoisson,FluctCorrOpt,sigma_ind,0.0131,0.00696,0.0113,3.95e-9,0.0371,TRUE
Cca1,TruncPoisson,FluctCorrOpt,beta,-0.1,-0.0964,0.0129,-0.126,-0.0767,TRUE
Cca1,TruncPoisson,FluctCorrOpt,sigma_beta,0.0172,0.0155,0.00863,0.00371,0.0345,TRUE
Cca2,ZIPoisson,FluctCorrDir,b,-0.0866,-0.0961,0.029,-0.146,-0.0344,FALSE
Cca2,ZIPoisson,FluctCorrDir,sigma_b,0.0798,0.0795,0.0457,0.0192,0.177,FALSE
Cca2,ZIPoisson,FluctCorrDir,a,2.08,2.07,0.054,1.96,2.17,FALSE
Cca2,ZIPoisson,FluctCorrDir,sigma_a,0.154,0.136,0.0487,0.0837,0.258,FALSE
Cca2,ZIPoisson,FluctCorrDir,phi,-0.356,-0.488,0.379,-0.956,0.396,FALSE
Cca2,ZIPoisson,FluctCorrDir,p_zi,0.193,0.191,0.0116,0.169,0.214,FALSE
Cca2,ZIPoisson,FluctCorrDir,sigma_ind,0.0143,0.00398,0.0126,5.42e-6,0.041,FALSE
Cca2,ZIPoisson,FluctCorrDir,beta,-0.0867,-0.0838,0.0187,-0.124,-0.0503,FALSE
Cca2,ZIPoisson,FluctCorrDir,sigma_beta,0.068,0.0732,0.0217,0.0285,0.113,FALSE
Cca2,ZIPoisson,FluctCorrOpt,theta,-1.07,-1.04,0.968,-3.28,0.321,FALSE
Cca2,ZIPoisson,FluctCorrOpt,theta_unstd,-6.32,-6.13,5.72,-19.3,1.89,FALSE
Cca2,ZIPoisson,FluctCorrOpt,sigma_theta,1.42,1.33,0.954,0.00306,3.31,FALSE
Cca2,ZIPoisson,FluctCorrOpt,sigma_theta_unstd,8.37,7.86,5.63,0.018,19.5,FALSE
Cca2,ZIPoisson,FluctCorrOpt,log_Wmax,2.17,2.14,0.0624,2.06,2.3,FALSE
Cca2,ZIPoisson,FluctCorrOpt,sigma_log_Wmax,0.158,0.147,0.0576,0.0745,0.28,FALSE
Cca2,ZIPoisson,FluctCorrOpt,omega,4.83,4.49,1.18,3.39,7.51,FALSE
Cca2,ZIPoisson,FluctCorrOpt,phi,-0.367,-0.358,0.426,-0.987,0.488,FALSE
Cca2,ZIPoisson,FluctCorrOpt,p_zi,0.192,0.189,0.0119,0.169,0.215,FALSE
Cca2,ZIPoisson,FluctCorrOpt,sigma_ind,0.0147,0.00373,0.0132,7.05e-6,0.0435,FALSE
Cca2,ZIPoisson,FluctCorrOpt,beta,-0.0421,-0.037,0.0163,-0.073,-0.01,FALSE
Cca2,ZIPoisson,FluctCorrOpt,sigma_beta,0.0546,0.053,0.0177,0.0189,0.0876,FALSE
Cca3,ZIPoisson,FluctCorrDir,b,-0.162,-0.165,0.0189,-0.198,-0.131,FALSE
Cca3,ZIPoisson,FluctCorrDir,sigma_b,0.0204,0.00759,0.0186,3.76e-6,0.0588,FALSE
Cca3,ZIPoisson,FluctCorrDir,a,1.96,1.95,0.0175,1.92,1.99,FALSE
Cca3,ZIPoisson,FluctCorrDir,sigma_a,0.0613,0.0592,0.0178,0.0287,0.0989,FALSE
Cca3,ZIPoisson,FluctCorrDir,phi,-0.0455,0.506,0.507,-0.909,0.811,FALSE
Cca3,ZIPoisson,FluctCorrDir,p_zi,0.112,0.114,0.00863,0.0954,0.129,FALSE
Cca3,ZIPoisson,FluctCorrDir,sigma_ind,0.0105,4.89e-4,0.00932,5.25e-6,0.0306,FALSE
Cca3,ZIPoisson,FluctCorrDir,beta,-0.163,-0.153,0.0138,-0.191,-0.138,FALSE
Cca3,ZIPoisson,FluctCorrDir,sigma_beta,0.0192,0.00295,0.0154,4.36e-6,0.0503,FALSE
Cca3,ZIPoisson,FluctCorrOpt,theta,-8.96,-6.39,6.79,-23.7,-2.4,FALSE
Cca3,ZIPoisson,FluctCorrOpt,theta_unstd,-92.4,-65.9,70,-245,-24.7,FALSE
Cca3,ZIPoisson,FluctCorrOpt,sigma_theta,0.196,0.0496,0.156,2.77e-5,0.506,FALSE
Cca3,ZIPoisson,FluctCorrOpt,sigma_theta_unstd,2.02,0.511,1.61,2.86e-4,5.22,FALSE
Cca3,ZIPoisson,FluctCorrOpt,log_Wmax,2.65,2.43,0.557,2.15,3.9,FALSE
Cca3,ZIPoisson,FluctCorrOpt,sigma_log_Wmax,0.0455,0.0429,0.0222,8.7e-7,0.081,FALSE
Cca3,ZIPoisson,FluctCorrOpt,omega,7.66,6.82,2.21,4.56,12.5,FALSE
Cca3,ZIPoisson,FluctCorrOpt,phi,-0.197,-0.284,0.434,-0.967,0.558,FALSE
Cca3,ZIPoisson,FluctCorrOpt,p_zi,0.111,0.113,0.00849,0.0958,0.129,FALSE
Cca3,ZIPoisson,FluctCorrOpt,sigma_ind,0.0107,0.00495,0.00962,1.59e-7,0.0314,FALSE
Cca3,ZIPoisson,FluctCorrOpt,beta,-0.15,-0.149,0.0131,-0.177,-0.125,FALSE
Cca3,ZIPoisson,FluctCorrOpt,sigma_beta,0.00676,0.00501,0.00369,0.00153,0.0145,FALSE
Cca4,Poisson,FluctCorrDir,b,-0.208,-0.207,0.0199,-0.249,-0.17,FALSE
Cca4,Poisson,FluctCorrDir,sigma_b,0.0489,0.0424,0.0273,8.76e-5,0.0983,FALSE
Cca4,Poisson,FluctCorrDir,a,1.96,1.97,0.0417,1.88,2.04,FALSE
Cca4,Poisson,FluctCorrDir,sigma_a,0.204,0.196,0.0333,0.149,0.275,FALSE
Cca4,Poisson,FluctCorrDir,phi,0.0559,0.212,0.369,-0.695,0.697,FALSE
Cca4,Poisson,FluctCorrDir,p_zi,0.249,0.248,0.00992,0.23,0.268,FALSE
Cca4,Poisson,FluctCorrDir,sigma_ind,0.019,0.00268,0.0159,3.1e-6,0.0519,FALSE
Cca4,Poisson,FluctCorrDir,beta,-0.209,-0.204,0.0141,-0.236,-0.18,FALSE
Cca4,Poisson,FluctCorrDir,sigma_beta,0.0466,0.0512,0.023,9.46e-5,0.0842,FALSE
Cca4,Poisson,FluctCorrOpt,theta,-9.33,-7.93,7.28,-26.1,-2.85,FALSE
Cca4,Poisson,FluctCorrOpt,theta_unstd,-109,-92.9,85.3,-306,-33.4,FALSE
Cca4,Poisson,FluctCorrOpt,sigma_theta,0.969,0.928,0.285,0.446,1.58,FALSE
Cca4,Poisson,FluctCorrOpt,sigma_theta_unstd,11.4,10.9,3.34,5.23,18.5,FALSE
Cca4,Poisson,FluctCorrOpt,log_Wmax,2.9,2.59,0.75,2.27,4.65,FALSE
Cca4,Poisson,FluctCorrOpt,sigma_log_Wmax,0.0636,0.0514,0.0525,1.75e-5,0.174,FALSE
Cca4,Poisson,FluctCorrOpt,omega,6.83,6.01,2.05,4.21,11.4,FALSE
Cca4,Poisson,FluctCorrOpt,phi,0.381,0.416,0.264,-0.138,0.853,FALSE
Cca4,Poisson,FluctCorrOpt,p_zi,0.248,0.251,0.00975,0.229,0.267,FALSE
Cca4,Poisson,FluctCorrOpt,sigma_ind,0.0199,0.0069,0.0163,1.75e-5,0.0537,FALSE
Cca4,Poisson,FluctCorrOpt,beta,-0.195,-0.189,0.0137,-0.22,-0.168,FALSE
Cca4,Poisson,FluctCorrOpt,sigma_beta,0.0152,0.0139,0.00856,0.00239,0.0328,FALSE
Cca5,ZIPoisson,FluctCorrDir,b,-0.121,-0.128,0.0237,-0.17,-0.077,FALSE
Cca5,ZIPoisson,FluctCorrDir,sigma_b,0.0385,0.0221,0.0271,1.34e-4,0.0902,FALSE
Cca5,ZIPoisson,FluctCorrDir,a,1.72,1.72,0.0216,1.68,1.77,FALSE
Cca5,ZIPoisson,FluctCorrDir,sigma_a,0.0275,0.00774,0.0232,6.66e-5,0.0754,FALSE
Cca5,ZIPoisson,FluctCorrDir,phi,-0.164,0.0176,0.438,-0.96,0.624,FALSE
Cca5,ZIPoisson,FluctCorrDir,p_zi,0.288,0.295,0.0164,0.254,0.319,FALSE
Cca5,ZIPoisson,FluctCorrDir,sigma_ind,0.026,0.00235,0.0219,5.29e-6,0.0725,FALSE
Cca5,ZIPoisson,FluctCorrDir,beta,-0.121,-0.126,0.0201,-0.16,-0.0823,FALSE
Cca5,ZIPoisson,FluctCorrDir,sigma_beta,0.035,0.0293,0.0213,1.6e-4,0.0732,FALSE
Cca5,ZIPoisson,FluctCorrOpt,theta,-5.02,-3.52,5.67,-16.1,-1.14,FALSE
Cca5,ZIPoisson,FluctCorrOpt,theta_unstd,-39.3,-27.6,44.3,-126,-8.92,FALSE
Cca5,ZIPoisson,FluctCorrOpt,sigma_theta,0.194,0.117,0.199,8.39e-5,0.628,FALSE
Cca5,ZIPoisson,FluctCorrOpt,sigma_theta_unstd,1.52,0.912,1.56,6.57e-4,4.92,FALSE
Cca5,ZIPoisson,FluctCorrOpt,log_Wmax,2.03,1.9,0.361,1.79,2.73,FALSE
Cca5,ZIPoisson,FluctCorrOpt,sigma_log_Wmax,0.026,0.00919,0.0222,1.93e-6,0.071,FALSE
Cca5,ZIPoisson,FluctCorrOpt,omega,6.75,5.98,2.4,3.71,11.9,FALSE
Cca5,ZIPoisson,FluctCorrOpt,phi,-0.2,-0.0377,0.471,-0.971,0.68,FALSE
Cca5,ZIPoisson,FluctCorrOpt,p_zi,0.288,0.297,0.0167,0.256,0.321,FALSE
Cca5,ZIPoisson,FluctCorrOpt,sigma_ind,0.0263,0.00844,0.0222,9.73e-6,0.0735,FALSE
Cca5,ZIPoisson,FluctCorrOpt,beta,-0.112,-0.113,0.0185,-0.146,-0.0747,FALSE
Cca5,ZIPoisson,FluctCorrOpt,sigma_beta,0.0131,0.0108,0.00819,0.0025,0.0309,FALSE
Cca6,ZIPoisson,FluctCorrDir,b,-0.0915,-0.0899,0.0141,-0.121,-0.0654,TRUE
Cca6,ZIPoisson,FluctCorrDir,sigma_b,0.0163,0.0105,0.0155,2.41e-5,0.0506,TRUE
Cca6,ZIPoisson,FluctCorrDir,a,1.62,1.62,0.0243,1.57,1.67,TRUE
Cca6,ZIPoisson,FluctCorrDir,sigma_a,0.113,0.113,0.0261,0.0697,0.17,TRUE
Cca6,ZIPoisson,FluctCorrDir,phi,-0.226,-0.414,0.44,-0.964,0.566,TRUE
Cca6,ZIPoisson,FluctCorrDir,p_zi,0.209,0.207,0.0113,0.188,0.232,TRUE
Cca6,ZIPoisson,FluctCorrDir,sigma_ind,0.013,0.00485,0.0113,3.87e-6,0.0372,TRUE
Cca6,ZIPoisson,FluctCorrDir,beta,-0.0916,-0.0892,0.0135,-0.118,-0.0652,TRUE
Cca6,ZIPoisson,FluctCorrDir,sigma_beta,0.0156,0.00417,0.0139,2.65e-5,0.046,TRUE
Cca6,ZIPoisson,FluctCorrOpt,theta,-3.48,-3.26,1.53,-6.88,-1.61,TRUE
Cca6,ZIPoisson,FluctCorrOpt,theta_unstd,-22.5,-21.1,9.9,-44.6,-10.4,TRUE
Cca6,ZIPoisson,FluctCorrOpt,sigma_theta,1.45,1.39,0.422,0.782,2.4,TRUE
Cca6,ZIPoisson,FluctCorrOpt,sigma_theta_unstd,9.38,9,2.73,5.06,15.5,TRUE
Cca6,ZIPoisson,FluctCorrOpt,log_Wmax,1.82,1.81,0.0602,1.74,1.95,TRUE
Cca6,ZIPoisson,FluctCorrOpt,sigma_log_Wmax,0.0231,0.00638,0.0243,3.54e-5,0.0757,TRUE
Cca6,ZIPoisson,FluctCorrOpt,omega,6.29,6.16,1.29,4.44,9.14,TRUE
Cca6,ZIPoisson,FluctCorrOpt,phi,0.37,0.337,0.232,-0.07,0.782,TRUE
Cca6,ZIPoisson,FluctCorrOpt,p_zi,0.206,0.207,0.0112,0.184,0.228,TRUE
Cca6,ZIPoisson,FluctCorrOpt,sigma_ind,0.0129,0.00405,0.0115,1.88e-7,0.037,TRUE
Cca6,ZIPoisson,FluctCorrOpt,beta,-0.0919,-0.0933,0.014,-0.119,-0.0644,TRUE
Cca6,ZIPoisson,FluctCorrOpt,sigma_beta,0.0432,0.0448,0.0134,0.0183,0.0704,TRUE
Cca7,ZIPoisson,FluctCorrDir,b,-0.0733,-0.0739,0.00861,-0.0899,-0.0565,TRUE
Cca7,ZIPoisson,FluctCorrDir,sigma_b,0.0113,0.00361,0.0102,1.49e-6,0.0335,TRUE
Cca7,ZIPoisson,FluctCorrDir,a,2.13,2.13,0.0213,2.08,2.17,TRUE
Cca7,ZIPoisson,FluctCorrDir,sigma_a,0.143,0.143,0.0177,0.11,0.179,TRUE
Cca7,ZIPoisson,FluctCorrDir,phi,-0.196,-0.0874,0.418,-0.923,0.574,TRUE
Cca7,ZIPoisson,FluctCorrDir,p_zi,0.22,0.22,0.00799,0.205,0.237,TRUE
Cca7,ZIPoisson,FluctCorrDir,sigma_ind,0.0137,0.00396,0.0122,1.96e-6,0.0399,TRUE
Cca7,ZIPoisson,FluctCorrDir,beta,-0.0734,-0.0736,0.00828,-0.0886,-0.0562,TRUE
Cca7,ZIPoisson,FluctCorrDir,sigma_beta,0.0109,0.0038,0.00947,1.38e-6,0.031,TRUE
Cca7,ZIPoisson,FluctCorrOpt,theta,-6.36,-5.54,2.83,-12.8,-2.69,TRUE
Cca7,ZIPoisson,FluctCorrOpt,theta_unstd,-34.6,-30.2,15.4,-69.6,-14.6,TRUE
Cca7,ZIPoisson,FluctCorrOpt,sigma_theta,1.97,1.9,0.392,1.33,2.84,TRUE
Cca7,ZIPoisson,FluctCorrOpt,sigma_theta_unstd,10.7,10.4,2.13,7.25,15.5,TRUE
Cca7,ZIPoisson,FluctCorrOpt,log_Wmax,2.37,2.33,0.104,2.26,2.61,TRUE
Cca7,ZIPoisson,FluctCorrOpt,sigma_log_Wmax,0.0254,0.00243,0.0226,3.58e-6,0.0744,TRUE
Cca7,ZIPoisson,FluctCorrOpt,omega,9.48,9.35,1.77,6.93,13.4,TRUE
Cca7,ZIPoisson,FluctCorrOpt,phi,0.587,0.612,0.141,0.313,0.84,TRUE
Cca7,ZIPoisson,FluctCorrOpt,p_zi,0.22,0.221,0.0082,0.203,0.236,TRUE
Cca7,ZIPoisson,FluctCorrOpt,sigma_ind,0.0133,0.00626,0.0121,6.51e-7,0.0391,TRUE
Cca7,ZIPoisson,FluctCorrOpt,beta,-0.0722,-0.0715,0.00749,-0.086,-0.0573,TRUE
Cca7,ZIPoisson,FluctCorrOpt,sigma_beta,0.0191,0.0191,0.00615,0.00814,0.0314,TRUE
Cca8,ZIPoisson,FluctCorrDir,b,-0.0404,-0.039,0.0107,-0.0622,-0.0205,TRUE
Cca8,ZIPoisson,FluctCorrDir,sigma_b,0.0109,0.00121,0.0101,5.98e-6,0.0328,TRUE
Cca8,ZIPoisson,FluctCorrDir,a,2.31,2.31,0.0146,2.28,2.34,TRUE
Cca8,ZIPoisson,FluctCorrDir,sigma_a,0.0618,0.0614,0.023,0.0104,0.104,TRUE
Cca8,ZIPoisson,FluctCorrDir,phi,-0.271,-0.31,0.42,-0.982,0.524,TRUE
Cca8,ZIPoisson,FluctCorrDir,p_zi,0.176,0.177,0.0121,0.153,0.2,TRUE
Cca8,ZIPoisson,FluctCorrDir,sigma_ind,0.0105,6.98e-4,0.00925,1.06e-6,0.0302,TRUE
Cca8,ZIPoisson,FluctCorrDir,beta,-0.0405,-0.0392,0.0104,-0.0619,-0.0212,TRUE
Cca8,ZIPoisson,FluctCorrDir,sigma_beta,0.0105,0.00115,0.00938,4.73e-6,0.0307,TRUE
Cca8,ZIPoisson,FluctCorrOpt,theta,-2.47,-1.83,2,-7.15,-0.375,TRUE
Cca8,ZIPoisson,FluctCorrOpt,theta_unstd,-13.9,-10.3,11.2,-40.1,-2.11,TRUE
Cca8,ZIPoisson,FluctCorrOpt,sigma_theta,1.29,1.21,0.606,0.00237,2.34,TRUE
Cca8,ZIPoisson,FluctCorrOpt,sigma_theta_unstd,7.27,6.81,3.4,0.0133,13.1,TRUE
Cca8,ZIPoisson,FluctCorrOpt,log_Wmax,2.39,2.37,0.0535,2.33,2.51,TRUE
Cca8,ZIPoisson,FluctCorrOpt,sigma_log_Wmax,0.0297,0.0031,0.0213,3.12e-5,0.0702,TRUE
Cca8,ZIPoisson,FluctCorrOpt,omega,7.75,7.65,1.96,4.75,11.8,TRUE
Cca8,ZIPoisson,FluctCorrOpt,phi,0.687,0.843,0.426,-0.471,0.988,TRUE
Cca8,ZIPoisson,FluctCorrOpt,p_zi,0.176,0.177,0.0122,0.153,0.199,TRUE
Cca8,ZIPoisson,FluctCorrOpt,sigma_ind,0.0101,0.00528,0.00905,1.32e-5,0.0296,TRUE
Cca8,ZIPoisson,FluctCorrOpt,beta,-0.0438,-0.0427,0.0104,-0.0644,-0.0232,TRUE
Cca8,ZIPoisson,FluctCorrOpt,sigma_beta,0.0217,0.021,0.00869,0.00703,0.0398,TRUE
Cca9,ZIPoisson,FluctCorrDir,b,-0.0567,-0.0544,0.0126,-0.0821,-0.033,TRUE
Cca9,ZIPoisson,FluctCorrDir,sigma_b,0.0249,0.0237,0.0156,1.5e-5,0.0525,TRUE
Cca9,ZIPoisson,FluctCorrDir,a,2.28,2.28,0.0189,2.25,2.32,TRUE
Cca9,ZIPoisson,FluctCorrDir,sigma_a,0.0997,0.106,0.0217,0.0614,0.146,TRUE
Cca9,ZIPoisson,FluctCorrDir,phi,0.0768,-0.0411,0.409,-0.749,0.771,TRUE
Cca9,ZIPoisson,FluctCorrDir,p_zi,0.126,0.125,0.0105,0.107,0.148,TRUE
Cca9,ZIPoisson,FluctCorrDir,sigma_ind,0.0107,0.00494,0.00943,2.98e-6,0.0307,TRUE
Cca9,ZIPoisson,FluctCorrDir,beta,-0.0566,-0.056,0.0112,-0.0795,-0.0355,TRUE
Cca9,ZIPoisson,FluctCorrDir,sigma_beta,0.0243,0.0172,0.0147,3.65e-5,0.0493,TRUE
Cca9,ZIPoisson,FluctCorrOpt,theta,-1.73,-1.68,0.738,-3.24,-0.46,TRUE
Cca9,ZIPoisson,FluctCorrOpt,theta_unstd,-9.19,-8.91,3.91,-17.2,-2.44,TRUE
Cca9,ZIPoisson,FluctCorrOpt,sigma_theta,1.75,1.64,0.357,1.17,2.56,TRUE
Cca9,ZIPoisson,FluctCorrOpt,sigma_theta_unstd,9.28,8.71,1.9,6.18,13.6,TRUE
Cca9,ZIPoisson,FluctCorrOpt,log_Wmax,2.4,2.39,0.0222,2.36,2.44,TRUE
Cca9,ZIPoisson,FluctCorrOpt,sigma_log_Wmax,0.0226,0.00594,0.0195,1.46e-6,0.0634,TRUE
Cca9,ZIPoisson,FluctCorrOpt,omega,5.3,4.97,0.84,4.06,7.05,TRUE
Cca9,ZIPoisson,FluctCorrOpt,phi,0.415,0.503,0.213,5.9e-4,0.8,TRUE
Cca9,ZIPoisson,FluctCorrOpt,p_zi,0.125,0.124,0.0107,0.105,0.147,TRUE
Cca9,ZIPoisson,FluctCorrOpt,sigma_ind,0.0102,0.00212,0.00923,3.11e-6,0.0298,TRUE
Cca9,ZIPoisson,FluctCorrOpt,beta,-0.0679,-0.0719,0.0108,-0.0882,-0.0465,TRUE
Cca9,ZIPoisson,FluctCorrOpt,sigma_beta,0.0547,0.0584,0.0153,0.027,0.086,TRUE
Cca10,ZIPoisson,FluctCorrDir,b,-0.00519,0.00234,0.031,-0.0638,0.0543,TRUE
Cca10,ZIPoisson,FluctCorrDir,sigma_b,0.0565,0.0568,0.0185,0.0274,0.0946,TRUE
Cca10,ZIPoisson,FluctCorrDir,a,2.05,2.05,0.0215,2.01,2.09,TRUE
Cca10,ZIPoisson,FluctCorrDir,sigma_a,0.128,0.128,0.0183,0.0948,0.165,TRUE
Cca10,ZIPoisson,FluctCorrDir,phi,0.782,0.837,0.201,0.352,0.984,TRUE
Cca10,ZIPoisson,FluctCorrDir,p_zi,0.184,0.183,0.00871,0.168,0.202,TRUE
Cca10,ZIPoisson,FluctCorrDir,sigma_ind,0.0207,0.00272,0.017,6.33e-5,0.0557,TRUE
Cca10,ZIPoisson,FluctCorrDir,beta,-5.75e-4,0.00214,0.01,-0.0193,0.019,TRUE
Cca10,ZIPoisson,FluctCorrDir,sigma_beta,0.0564,0.0594,0.0111,0.0339,0.0771,TRUE
Cca10,ZIPoisson,FluctCorrOpt,theta,1.37,0.967,3.57,-6.16,8.73,TRUE
Cca10,ZIPoisson,FluctCorrOpt,theta_unstd,7.27,5.15,19,-32.8,46.4,TRUE
Cca10,ZIPoisson,FluctCorrOpt,sigma_theta,4.4,3.8,1.72,2.12,8.36,TRUE
Cca10,ZIPoisson,FluctCorrOpt,sigma_theta_unstd,23.4,20.2,9.18,11.3,44.5,TRUE
Cca10,ZIPoisson,FluctCorrOpt,log_Wmax,2.22,2.22,0.024,2.17,2.27,TRUE
Cca10,ZIPoisson,FluctCorrOpt,sigma_log_Wmax,0.0302,0.0169,0.0231,6.33e-6,0.0768,TRUE
Cca10,ZIPoisson,FluctCorrOpt,omega,9.01,8.49,1.56,6.32,12.3,TRUE
Cca10,ZIPoisson,FluctCorrOpt,phi,0.94,0.96,0.0467,0.839,0.99,TRUE
Cca10,ZIPoisson,FluctCorrOpt,p_zi,0.184,0.185,0.00875,0.167,0.202,TRUE
Cca10,ZIPoisson,FluctCorrOpt,sigma_ind,0.0217,0.00115,0.017,5.13e-6,0.056,TRUE
Cca10,ZIPoisson,FluctCorrOpt,beta,0.0251,0.0263,0.00694,0.0081,0.0355,TRUE
Cca10,ZIPoisson,FluctCorrOpt,sigma_beta,0.0542,0.053900000000000003,0.00884,0.0375,0.0722,TRUE
Cci1,ZIPoisson,FluctCorrDir,b,-0.0473,-0.0446,0.017,-0.081,-0.0145,TRUE
Cci1,ZIPoisson,FluctCorrDir,sigma_b,0.0163,0.00662,0.0155,2.32e-6,0.0495,TRUE
Cci1,ZIPoisson,FluctCorrDir,a,1.38,1.38,0.0195,1.34,1.42,TRUE
Cci1,ZIPoisson,FluctCorrDir,sigma_a,0.0197,0.00871,0.0182,5.66e-6,0.0577,TRUE
Cci1,ZIPoisson,FluctCorrDir,phi,-0.237,-0.501,0.461,-0.977,0.636,TRUE
Cci1,ZIPoisson,FluctCorrDir,p_zi,0.0362,0.0368,0.00828,0.0217,0.0537,TRUE
Cci1,ZIPoisson,FluctCorrDir,sigma_ind,0.0166,0.00482,0.0148,1.1e-5,0.0475,TRUE
Cci1,ZIPoisson,FluctCorrDir,beta,-0.0472,-0.047,0.0162,-0.0816,-0.0174,TRUE
Cci1,ZIPoisson,FluctCorrDir,sigma_beta,0.0156,0.00753,0.0137,2.36e-6,0.0445,TRUE
Cci1,ZIPoisson,FluctCorrOpt,theta,-1.83,-1.37,1.84,-6.06,-0.016,TRUE
Cci1,ZIPoisson,FluctCorrOpt,theta_unstd,-23.8,-17.7,23.9,-78.6,-0.207,TRUE
Cci1,ZIPoisson,FluctCorrOpt,sigma_theta,0.47,0.152,0.55,8.52e-5,1.59,TRUE
Cci1,ZIPoisson,FluctCorrOpt,sigma_theta_unstd,6.09,1.97,7.13,0.0011,20.6,TRUE
Cci1,ZIPoisson,FluctCorrOpt,log_Wmax,1.44,1.43,0.0573,1.37,1.55,TRUE
Cci1,ZIPoisson,FluctCorrOpt,sigma_log_Wmax,0.0202,0.0122,0.0178,9.79e-6,0.0577,TRUE
Cci1,ZIPoisson,FluctCorrOpt,omega,6.83,5.79,2.12,4.11,11.5,TRUE
Cci1,ZIPoisson,FluctCorrOpt,phi,-0.304,-0.786,0.45,-0.99,0.562,TRUE
Cci1,ZIPoisson,FluctCorrOpt,p_zi,0.0358,0.0319,0.00808,0.0212,0.0525,TRUE
Cci1,ZIPoisson,FluctCorrOpt,sigma_ind,0.0164,0.00225,0.0147,6.41e-7,0.0482,TRUE
Cci1,ZIPoisson,FluctCorrOpt,beta,-0.0417,-0.0362,0.0159,-0.0727,-0.0105,TRUE
Cci1,ZIPoisson,FluctCorrOpt,sigma_beta,0.0177,0.0119,0.00975,0.0035,0.0382,TRUE
Cci2,ZIPoisson,FluctCorrDir,b,-0.177,-0.178,0.0141,-0.206,-0.15,TRUE
Cci2,ZIPoisson,FluctCorrDir,sigma_b,0.0134,0.00308,0.0132,2.63e-6,0.0406,TRUE
Cci2,ZIPoisson,FluctCorrDir,a,1.8,1.81,0.0235,1.76,1.85,TRUE
Cci2,ZIPoisson,FluctCorrDir,sigma_a,0.0945,0.0863,0.0213,0.0567,0.139,TRUE
Cci2,ZIPoisson,FluctCorrDir,phi,-0.286,-0.539,0.438,-0.973,0.558,TRUE
Cci2,ZIPoisson,FluctCorrDir,p_zi,0.0628,0.0627,0.00709,0.0492,0.0772,TRUE
Cci2,ZIPoisson,FluctCorrDir,sigma_ind,0.038,0.0417,0.0258,2.16e-4,0.0868,TRUE
Cci2,ZIPoisson,FluctCorrDir,beta,-0.177,-0.179,0.0135,-0.203,-0.15,TRUE
Cci2,ZIPoisson,FluctCorrDir,sigma_beta,0.0127,0.00263,0.0109,2.77e-6,0.0351,TRUE
Cci2,ZIPoisson,FluctCorrOpt,theta,-6.47,-5.26,4.67,-16.6,-2.38,TRUE
Cci2,ZIPoisson,FluctCorrOpt,theta_unstd,-98.7,-80.3,71.3,-253,-36.3,TRUE
Cci2,ZIPoisson,FluctCorrOpt,sigma_theta,0.351,0.467,0.216,2.6e-5,0.722,TRUE
Cci2,ZIPoisson,FluctCorrOpt,sigma_theta_unstd,5.35,7.12,3.3,3.97e-4,11,TRUE
Cci2,ZIPoisson,FluctCorrOpt,log_Wmax,2.37,2.25,0.423,2.03,3.28,TRUE
Cci2,ZIPoisson,FluctCorrOpt,sigma_log_Wmax,0.0699,0.0761,0.0327,2.41e-5,0.117,TRUE
Cci2,ZIPoisson,FluctCorrOpt,omega,6.17,5.88,1.67,4.08,9.9,TRUE
Cci2,ZIPoisson,FluctCorrOpt,phi,-0.0732,0.0349,0.426,-0.928,0.614,TRUE
Cci2,ZIPoisson,FluctCorrOpt,p_zi,0.0625,0.0638,0.00718,0.0485,0.0764,TRUE
Cci2,ZIPoisson,FluctCorrOpt,sigma_ind,0.0355,0.00645,0.0249,2.47e-5,0.0837,TRUE
Cci2,ZIPoisson,FluctCorrOpt,beta,-0.165,-0.164,0.0134,-0.192,-0.139,TRUE
Cci2,ZIPoisson,FluctCorrOpt,sigma_beta,0.0158,0.0152,0.00709,0.0043,0.0304,TRUE
Cel,Binom,FluctCorrDir,b,-0.189,-0.173,0.0563,-0.301,-0.0823,TRUE
Cel,Binom,FluctCorrDir,sigma_b,0.167,0.149,0.0972,8.72e-5,0.335,TRUE
Cel,Binom,FluctCorrDir,a,1.25,1.26,0.0737,1.11,1.39,TRUE
Cel,Binom,FluctCorrDir,sigma_a,0.152,0.105,0.0887,1.39e-4,0.306,TRUE
Cel,Binom,FluctCorrDir,phi,-0.39,-0.535,0.401,-0.986,0.419,TRUE
Cel,Binom,FluctCorrDir,sigma_ind,0.783,0.815,0.112,0.568,1.01,TRUE
Cel,Binom,FluctCorrDir,beta,-0.0422,-0.0391,0.0115,-0.0649,-0.0194,TRUE
Cel,Binom,FluctCorrDir,sigma_beta,0.0368,0.0436,0.0183,0.00445,0.07,TRUE
Cel,Binom,FluctCorrOpt,theta,-0.186,-0.0718,0.45,-1.23,0.497,TRUE
Cel,Binom,FluctCorrOpt,theta_unstd,-3.33,-1.29,8.07,-22.1,8.93,TRUE
Cel,Binom,FluctCorrOpt,sigma_theta,0.466,0.163,0.38,9.54e-5,1.23,TRUE
Cel,Binom,FluctCorrOpt,sigma_theta_unstd,8.36,2.93,6.83,0.00171,22.1,TRUE
Cel,Binom,FluctCorrOpt,log_Wmax,1.39,1.4,0.0958,1.22,1.59,TRUE
Cel,Binom,FluctCorrOpt,sigma_log_Wmax,0.165,0.155,0.099,1.23e-6,0.34,TRUE
Cel,Binom,FluctCorrOpt,omega,4.76,4.6,0.79,3.56,6.44,TRUE
Cel,Binom,FluctCorrOpt,phi,-0.389,-0.477,0.416,-0.988,0.453,TRUE
Cel,Binom,FluctCorrOpt,sigma_ind,0.844,0.815,0.127,0.616,1.11,TRUE
Cel,Binom,FluctCorrOpt,beta,-0.00818,-0.0096,0.0153,-0.0388,0.0212,TRUE
Cel,Binom,FluctCorrOpt,sigma_beta,0.0236,0.0149,0.0118,0.00737,0.0493,TRUE
Fal,ZIPoisson,FluctCorrDir,b,-0.0655,-0.0657,0.0109,-0.0873,-0.0445,FALSE
Fal,ZIPoisson,FluctCorrDir,sigma_b,0.013,0.00124,0.0126,3.12e-6,0.0374,FALSE
Fal,ZIPoisson,FluctCorrDir,a,1.69,1.69,0.0167,1.66,1.72,FALSE
Fal,ZIPoisson,FluctCorrDir,sigma_a,0.0418,0.0366,0.0183,0.006,0.0786,FALSE
Fal,ZIPoisson,FluctCorrDir,phi,-0.308,-0.745,0.436,-0.984,0.525,FALSE
Fal,ZIPoisson,FluctCorrDir,p_zi,0.0896,0.0885,0.00644,0.0769,0.102,FALSE
Fal,ZIPoisson,FluctCorrDir,sigma_ind,0.00896,0.00252,0.0081,2.59e-6,0.0265,FALSE
Fal,ZIPoisson,FluctCorrDir,beta,-0.0655,-0.0658,0.00993,-0.0854,-0.0464,FALSE
Fal,ZIPoisson,FluctCorrDir,sigma_beta,0.0116,4.99e-4,0.00893,3.28e-6,0.0294,FALSE
Fal,ZIPoisson,FluctCorrOpt,theta,-3.73,-2.62,2.71,-9.81,-1.18,FALSE
Fal,ZIPoisson,FluctCorrOpt,theta_unstd,-14.7,-10.3,10.7,-38.7,-4.67,FALSE
Fal,ZIPoisson,FluctCorrOpt,sigma_theta,0.392,0.033,0.371,2.58e-4,1.12,FALSE
Fal,ZIPoisson,FluctCorrOpt,sigma_theta_unstd,1.55,0.13,1.47,0.00102,4.4,FALSE
Fal,ZIPoisson,FluctCorrOpt,log_Wmax,1.82,1.8,0.097,1.72,2.03,FALSE
Fal,ZIPoisson,FluctCorrOpt,sigma_log_Wmax,0.0308,0.0317,0.0193,1.75e-5,0.0664,FALSE
Fal,ZIPoisson,FluctCorrOpt,omega,7.94,7.66,2.02,5.34,12.5,FALSE
Fal,ZIPoisson,FluctCorrOpt,phi,-0.228,-0.214,0.444,-0.956,0.606,FALSE
Fal,ZIPoisson,FluctCorrOpt,p_zi,0.0893,0.0893,0.00645,0.0775,0.103,FALSE
Fal,ZIPoisson,FluctCorrOpt,sigma_ind,0.0089,9.89e-4,0.00815,1.67e-6,0.0266,FALSE
Fal,ZIPoisson,FluctCorrOpt,beta,-0.0611,-0.0611,0.00973,-0.08,-0.0422,FALSE
Fal,ZIPoisson,FluctCorrOpt,sigma_beta,0.0135,0.0135,0.00599,0.00367,0.0256,FALSE
Fhy,ZIPoisson,FluctCorrDir,b,-0.0779,-0.0818,0.0127,-0.104,-0.053,FALSE
Fhy,ZIPoisson,FluctCorrDir,sigma_b,0.0578,0.0548,0.0225,0.01,0.102,FALSE
Fhy,ZIPoisson,FluctCorrDir,a,1.64,1.64,0.042,1.56,1.73,FALSE
Fhy,ZIPoisson,FluctCorrDir,sigma_a,0.289,0.29,0.0372,0.227,0.369,FALSE
Fhy,ZIPoisson,FluctCorrDir,phi,0.0705,0.0429,0.275,-0.467,0.629,FALSE
Fhy,ZIPoisson,FluctCorrDir,p_zi,0.117,0.117,0.00541,0.107,0.128,FALSE
Fhy,ZIPoisson,FluctCorrDir,sigma_ind,0.00596,0.00101,0.00543,3.78e-6,0.0177,FALSE
Fhy,ZIPoisson,FluctCorrDir,beta,-0.0784,-0.0804,0.00845,-0.0952,-0.0618,FALSE
Fhy,ZIPoisson,FluctCorrDir,sigma_beta,0.0562,0.0585,0.0203,0.014,0.0954,FALSE
Fhy,ZIPoisson,FluctCorrOpt,theta,-4.14,-3.77,1.06,-6.24,-2.37,FALSE
Fhy,ZIPoisson,FluctCorrOpt,theta_unstd,-24.2,-22,6.18,-36.4,-13.8,FALSE
Fhy,ZIPoisson,FluctCorrOpt,sigma_theta,2.37,2.3,0.425,1.67,3.28,FALSE
Fhy,ZIPoisson,FluctCorrOpt,sigma_theta_unstd,13.9,13.4,2.48,9.71,19.1,FALSE
Fhy,ZIPoisson,FluctCorrOpt,log_Wmax,1.83,1.82,0.031,1.78,1.89,FALSE
Fhy,ZIPoisson,FluctCorrOpt,sigma_log_Wmax,0.0199,0.00283,0.0176,2.94e-5,0.0564,FALSE
Fhy,ZIPoisson,FluctCorrOpt,omega,8.11,7.74,1.03,6.34,10.2,FALSE
Fhy,ZIPoisson,FluctCorrOpt,phi,-0.015,-0.0173,0.204,-0.442,0.361,FALSE
Fhy,ZIPoisson,FluctCorrOpt,p_zi,0.118,0.119,0.00517,0.107,0.128,FALSE
Fhy,ZIPoisson,FluctCorrOpt,sigma_ind,0.00628,0.00135,0.00537,2.1e-6,0.0174,FALSE
Fhy,ZIPoisson,FluctCorrOpt,beta,-0.0634,-0.0638,0.00768,-0.0769,-0.0469,FALSE
Fhy,ZIPoisson,FluctCorrOpt,sigma_beta,0.0364,0.0359,0.00644,0.0243,0.0489,FALSE
Hos,Poisson,FluctCorrDir,b,-0.566,-0.573,0.0897,-0.728,-0.396,TRUE
Hos,Poisson,FluctCorrDir,sigma_b,0.211,0.26,0.112,1.15e-4,0.409,TRUE
Hos,Poisson,FluctCorrDir,a,-2.31,-2.38,0.228,-2.74,-1.84,TRUE
Hos,Poisson,FluctCorrDir,sigma_a,1.1,1.1,0.176,0.807,1.46,TRUE
Hos,Poisson,FluctCorrDir,phi,-0.0175,-0.0765,0.405,-0.801,0.708,TRUE
Hos,Poisson,FluctCorrDir,sigma_ind,0.516,0.535,0.0893,0.337,0.676,TRUE
Hos,Poisson,FluctCorrDir,beta,-0.566,-0.576,0.0645,-0.689,-0.438,TRUE
Hos,Poisson,FluctCorrDir,sigma_beta,0.202,0.223,0.0974,0.0108,0.369,TRUE
Hos,Poisson,FluctCorrOpt,theta,-4.99,-2.56,6.48,-16.4,-1.47,TRUE
Hos,Poisson,FluctCorrOpt,theta_unstd,-57.9,-29.7,75.2,-191,-17.1,TRUE
Hos,Poisson,FluctCorrOpt,sigma_theta,1.78,1.74,0.481,0.994,2.83,TRUE
Hos,Poisson,FluctCorrOpt,sigma_theta_unstd,20.7,20.2,5.58,11.5,32.8,TRUE
Hos,Poisson,FluctCorrOpt,log_Wmax,-0.343,-0.886,1.74,-1.46,2.7,TRUE
Hos,Poisson,FluctCorrOpt,sigma_log_Wmax,0.519,0.577,0.273,0.00404,0.943,TRUE
Hos,Poisson,FluctCorrOpt,omega,2.68,1.96,1.28,1.46,5.42,TRUE
Hos,Poisson,FluctCorrOpt,phi,0.263,0.407,0.328,-0.384,0.849,TRUE
Hos,Poisson,FluctCorrOpt,sigma_ind,0.516,0.501,0.0876,0.353,0.696,TRUE
Hos,Poisson,FluctCorrOpt,beta,-0.606,-0.617,0.059,-0.713,-0.481,TRUE
Hos,Poisson,FluctCorrOpt,sigma_beta,0.202,0.172,0.107,0.021,0.418,TRUE
Mcy,ZIPoisson,FluctCorrDir,b,-0.108,-0.104,0.025,-0.155,-0.0609,FALSE
Mcy,ZIPoisson,FluctCorrDir,sigma_b,0.0435,0.0357,0.0307,8.25e-5,0.102,FALSE
Mcy,ZIPoisson,FluctCorrDir,a,1.42,1.44,0.0321,1.36,1.49,FALSE
Mcy,ZIPoisson,FluctCorrDir,sigma_a,0.126,0.113,0.0299,0.0744,0.189,FALSE
Mcy,ZIPoisson,FluctCorrDir,phi,0.0124,0.187,0.449,-0.781,0.847,FALSE
Mcy,ZIPoisson,FluctCorrDir,p_zi,0.106,0.106,0.0119,0.0827,0.13,FALSE
Mcy,ZIPoisson,FluctCorrDir,sigma_ind,0.037,0.0184,0.0301,3.76e-5,0.1,FALSE
Mcy,ZIPoisson,FluctCorrDir,beta,-0.108,-0.11,0.0181,-0.142,-0.0714,FALSE
Mcy,ZIPoisson,FluctCorrDir,sigma_beta,0.041,0.0429,0.0255,6.44e-5,0.0864,FALSE
Mcy,ZIPoisson,FluctCorrOpt,theta,-8.73,-5.91,6.31,-22.8,-2.23,FALSE
Mcy,ZIPoisson,FluctCorrOpt,theta_unstd,-95.8,-64.9,69.3,-250,-24.5,FALSE
Mcy,ZIPoisson,FluctCorrOpt,sigma_theta,0.749,0.826,0.502,0.00213,1.65,FALSE
Mcy,ZIPoisson,FluctCorrOpt,sigma_theta_unstd,8.22,9.07,5.51,0.0234,18.1,FALSE
Mcy,ZIPoisson,FluctCorrOpt,log_Wmax,1.91,1.74,0.387,1.55,2.78,FALSE
Mcy,ZIPoisson,FluctCorrOpt,sigma_log_Wmax,0.0997,0.0999,0.0461,4.49e-4,0.169,FALSE
Mcy,ZIPoisson,FluctCorrOpt,omega,8.98,8.44,2.63,4.94,14.5,FALSE
Mcy,ZIPoisson,FluctCorrOpt,phi,-0.377,-0.474,0.371,-0.939,0.454,FALSE
Mcy,ZIPoisson,FluctCorrOpt,p_zi,0.105,0.104,0.0119,0.0828,0.128,FALSE
Mcy,ZIPoisson,FluctCorrOpt,sigma_ind,0.0371,0.0127,0.0302,1.46e-5,0.0994,FALSE
Mcy,ZIPoisson,FluctCorrOpt,beta,-0.108,-0.108,0.0176,-0.142,-0.0728,FALSE
Mcy,ZIPoisson,FluctCorrOpt,sigma_beta,0.0114,0.00788,0.007,0.00244,0.0266,FALSE
Mgi,Binom,FluctCorrDir,b,-0.593,-0.629,0.24,-1.07,-0.133,TRUE
Mgi,Binom,FluctCorrDir,sigma_b,0.421,0.256,0.421,2.58e-4,1.28,TRUE
Mgi,Binom,FluctCorrDir,a,-0.774,-0.785,0.632,-1.98,0.508,TRUE
Mgi,Binom,FluctCorrDir,sigma_a,1.72,1.67,0.386,1.09,2.56,TRUE
Mgi,Binom,FluctCorrDir,phi,-0.318,-0.512,0.434,-0.977,0.546,TRUE
Mgi,Binom,FluctCorrDir,sigma_ind,0.239,0.0938,0.208,2.27e-5,0.679,TRUE
Mgi,Binom,FluctCorrDir,beta,-0.316,-0.316,0.0969,-0.522,-0.132,TRUE
Mgi,Binom,FluctCorrDir,sigma_beta,0.299,0.2,0.186,0.11,0.739,TRUE
Mgi,Binom,FluctCorrOpt,theta,-2.16,-2.08,2.76,-7.96,2.45,TRUE
Mgi,Binom,FluctCorrOpt,theta_unstd,-98.2,-94.4,125,-361,111,TRUE
Mgi,Binom,FluctCorrOpt,sigma_theta,4.18,3.56,2.53,0.744,9.37,TRUE
Mgi,Binom,FluctCorrOpt,sigma_theta_unstd,190,162,115,33.8,426,TRUE
Mgi,Binom,FluctCorrOpt,log_Wmax,1.33,1.25,0.586,0.055,2.49,TRUE
Mgi,Binom,FluctCorrOpt,sigma_log_Wmax,0.587,0.26,0.603,3.6e-4,2,TRUE
Mgi,Binom,FluctCorrOpt,omega,3.11,2.68,0.95,1.86,5.18,TRUE
Mgi,Binom,FluctCorrOpt,phi,0.033,0.1,0.455,-0.762,0.876,TRUE
Mgi,Binom,FluctCorrOpt,sigma_ind,0.414,0.0738,0.379,4.7e-5,1.25,TRUE
Mgi,Binom,FluctCorrOpt,beta,-0.225,-0.228,0.118,-0.401,0.0234,TRUE
Mgi,Binom,FluctCorrOpt,sigma_beta,0.38,0.474,0.149,0.103,0.63,TRUE
Nci,ZIPoisson,FluctCorrDir,b,-0.388,-0.387,0.0409,-0.467,-0.309,TRUE
Nci,ZIPoisson,FluctCorrDir,sigma_b,0.168,0.158,0.0772,0.0704,0.334,TRUE
Nci,ZIPoisson,FluctCorrDir,a,0.98,0.979,0.0495,0.886,1.08,TRUE
Nci,ZIPoisson,FluctCorrDir,sigma_a,0.139,0.125,0.0449,0.0609,0.233,TRUE
Nci,ZIPoisson,FluctCorrDir,phi,-0.647,-0.731,0.243,-0.985,-0.135,TRUE
Nci,ZIPoisson,FluctCorrDir,p_zi,0.104,0.103,0.0162,0.0737,0.136,TRUE
Nci,ZIPoisson,FluctCorrDir,sigma_ind,0.108,0.126,0.0487,0.00136,0.183,TRUE
Nci,ZIPoisson,FluctCorrDir,beta,-0.391,-0.385,0.0335,-0.455,-0.324,TRUE
Nci,ZIPoisson,FluctCorrDir,sigma_beta,0.157,0.158,0.0326,0.0955,0.221,TRUE
Nci,ZIPoisson,FluctCorrOpt,theta,-1.48,-1.47,0.18,-1.85,-1.17,TRUE
Nci,ZIPoisson,FluctCorrOpt,theta_unstd,-24.5,-24.3,2.99,-30.7,-19.3,TRUE
Nci,ZIPoisson,FluctCorrOpt,sigma_theta,0.418,0.389,0.191,0.178,0.816,TRUE
Nci,ZIPoisson,FluctCorrOpt,sigma_theta_unstd,6.93,6.45,3.17,2.96,13.5,TRUE
Nci,ZIPoisson,FluctCorrOpt,log_Wmax,1.44,1.44,0.0508,1.34,1.55,TRUE
Nci,ZIPoisson,FluctCorrOpt,sigma_log_Wmax,0.0934,0.0872,0.0499,0.00104,0.183,TRUE
Nci,ZIPoisson,FluctCorrOpt,omega,1.77,1.71,0.122,1.56,2.03,TRUE
Nci,ZIPoisson,FluctCorrOpt,phi,-0.59,-0.642,0.25,-0.982,-0.0972,TRUE
Nci,ZIPoisson,FluctCorrOpt,p_zi,0.0924,0.0937,0.0148,0.0628,0.12,TRUE
Nci,ZIPoisson,FluctCorrOpt,sigma_ind,0.101,0.116,0.0476,1.37e-4,0.174,TRUE
Nci,ZIPoisson,FluctCorrOpt,beta,-0.335,-0.326,0.0238,-0.381,-0.289,TRUE
Nci,ZIPoisson,FluctCorrOpt,sigma_beta,0.113,0.112,0.0154,0.0841,0.143,TRUE
Oar,Binom,FluctCorrDir,b,0.0965,0.0784,0.0596,-0.0203,0.213,FALSE
Oar,Binom,FluctCorrDir,sigma_b,0.26,0.23,0.0697,0.135,0.405,FALSE
Oar,Binom,FluctCorrDir,a,0.898,0.908,0.141,0.619,1.18,FALSE
Oar,Binom,FluctCorrDir,sigma_a,0.754,0.755,0.107,0.561,0.975,FALSE
Oar,Binom,FluctCorrDir,phi,-0.188,-0.218,0.295,-0.723,0.41,FALSE
Oar,Binom,FluctCorrDir,sigma_ind,0.457,0.486,0.0732,0.315,0.598,FALSE
Oar,Binom,FluctCorrDir,beta,0.0314,0.0352,0.0126,0.00707,0.0561,FALSE
Oar,Binom,FluctCorrDir,sigma_beta,0.0831,0.0806,0.0176,0.0488,0.118,FALSE
Oar,Binom,FluctCorrOpt,theta,1.07,0.718,0.937,-0.693,3.03,FALSE
Oar,Binom,FluctCorrOpt,theta_unstd,7.56,5.06,6.6,-4.88,21.3,FALSE
Oar,Binom,FluctCorrOpt,sigma_theta,4.75,4.34,1.72,2.6,8.19,FALSE
Oar,Binom,FluctCorrOpt,sigma_theta_unstd,33.4,30.5,12.1,18.3,57.7,FALSE
Oar,Binom,FluctCorrOpt,log_Wmax,1.56,1.58,0.138,1.29,1.83,FALSE
Oar,Binom,FluctCorrOpt,sigma_log_Wmax,0.253,0.293,0.162,2.86e-4,0.544,FALSE
Oar,Binom,FluctCorrOpt,omega,7.24,6.91,1.32,5.17,10,FALSE
Oar,Binom,FluctCorrOpt,phi,-0.384,-0.506,0.299,-0.893,0.233,FALSE
Oar,Binom,FluctCorrOpt,sigma_ind,0.637,0.62,0.112,0.414,0.86,FALSE
Oar,Binom,FluctCorrOpt,beta,0.0167,0.0152,0.012,-5.73e-4,0.0444,FALSE
Oar,Binom,FluctCorrOpt,sigma_beta,0.0814,0.0811,0.0134,0.0543,0.106,FALSE
Oca,Binom,FluctCorrDir,b,-0.18,-0.145,0.159,-0.487,0.113,TRUE
Oca,Binom,FluctCorrDir,sigma_b,0.226,0.0856,0.212,2.32e-4,0.65,TRUE
Oca,Binom,FluctCorrDir,a,-0.0536,-0.0613,0.208,-0.439,0.393,TRUE
Oca,Binom,FluctCorrDir,sigma_a,0.625,0.58,0.222,0.225,1.09,TRUE
Oca,Binom,FluctCorrDir,phi,-0.307,-0.601,0.446,-0.984,0.533,TRUE
Oca,Binom,FluctCorrDir,sigma_ind,0.611,0.605,0.276,0.00128,1.05,TRUE
Oca,Binom,FluctCorrDir,beta,-0.0911,-0.0707,0.0698,-0.225,0.0448,TRUE
Oca,Binom,FluctCorrDir,sigma_beta,0.112,0.0662,0.0809,0.00803,0.286,TRUE
Oca,Binom,FluctCorrOpt,theta,-1.58,-0.0308,2.83,-7.65,3.21,TRUE
Oca,Binom,FluctCorrOpt,theta_unstd,-20.1,-0.392,36,-97.3,40.9,TRUE
Oca,Binom,FluctCorrOpt,sigma_theta,2.46,1.89,2.32,2.34e-4,6.85,TRUE
Oca,Binom,FluctCorrOpt,sigma_theta_unstd,31.4,24,29.5,0.00297,87.2,TRUE
Oca,Binom,FluctCorrOpt,log_Wmax,0.436,0.303,0.405,-0.294,1.23,TRUE
Oca,Binom,FluctCorrOpt,sigma_log_Wmax,0.561,0.544,0.333,3.58e-4,1.16,TRUE
Oca,Binom,FluctCorrOpt,omega,5.88,5.19,2.28,2.68,10.8,TRUE
Oca,Binom,FluctCorrOpt,phi,-0.137,-0.346,0.509,-0.987,0.714,TRUE
Oca,Binom,FluctCorrOpt,sigma_ind,0.765,0.859,0.352,0.0311,1.4,TRUE
Oca,Binom,FluctCorrOpt,beta,-0.0506,-0.0496,0.0587,-0.163,0.0618,TRUE
Oca,Binom,FluctCorrOpt,sigma_beta,0.069,0.0215,0.0479,0.00378,0.168,TRUE
Ooe,ZIPoisson,FluctCorrDir,b,-0.0627,-0.063,0.0137,-0.091,-0.0373,FALSE
Ooe,ZIPoisson,FluctCorrDir,sigma_b,0.015,0.00284,0.0145,9.84e-7,0.0459,FALSE
Ooe,ZIPoisson,FluctCorrDir,a,1.64,1.64,0.0161,1.61,1.67,FALSE
Ooe,ZIPoisson,FluctCorrDir,sigma_a,0.0385,0.0415,0.0199,1.45e-4,0.0727,FALSE
Ooe,ZIPoisson,FluctCorrDir,phi,-0.318,-0.631,0.435,-0.989,0.524,FALSE
Ooe,ZIPoisson,FluctCorrDir,p_zi,0.26,0.262,0.0111,0.238,0.282,FALSE
Ooe,ZIPoisson,FluctCorrDir,sigma_ind,0.011,4.31e-4,0.0101,7.71e-6,0.0322,FALSE
Ooe,ZIPoisson,FluctCorrDir,beta,-0.063,-0.0611,0.013,-0.088,-0.0375,FALSE
Ooe,ZIPoisson,FluctCorrDir,sigma_beta,0.0138,0.00723,0.0116,8.2e-7,0.0392,FALSE
Ooe,ZIPoisson,FluctCorrOpt,theta,-5.11,-4.11,3.52,-13.1,-1.1,FALSE
Ooe,ZIPoisson,FluctCorrOpt,theta_unstd,-32.7,-26.3,22.5,-83.6,-7.03,FALSE
Ooe,ZIPoisson,FluctCorrOpt,sigma_theta,0.491,0.212,0.42,1.92e-4,1.34,FALSE
Ooe,ZIPoisson,FluctCorrOpt,sigma_theta_unstd,3.14,1.36,2.69,0.00123,8.59,FALSE
Ooe,ZIPoisson,FluctCorrOpt,log_Wmax,1.79,1.77,0.128,1.66,2.08,FALSE
Ooe,ZIPoisson,FluctCorrOpt,sigma_log_Wmax,0.0309,0.031,0.0201,1.95e-5,0.0676,FALSE
Ooe,ZIPoisson,FluctCorrOpt,omega,9.66,8.21,2.43,6.02,15.1,FALSE
Ooe,ZIPoisson,FluctCorrOpt,phi,-0.329,-0.626,0.423,-0.978,0.499,FALSE
Ooe,ZIPoisson,FluctCorrOpt,p_zi,0.259,0.261,0.0107,0.239,0.281,FALSE
Ooe,ZIPoisson,FluctCorrOpt,sigma_ind,0.011,0.00485,0.00999,2.34e-5,0.0326,FALSE
Ooe,ZIPoisson,FluctCorrOpt,beta,-0.0542,-0.0593,0.013,-0.0797,-0.0294,FALSE
Ooe,ZIPoisson,FluctCorrOpt,sigma_beta,0.00718,0.00609,0.00422,0.00174,0.016,FALSE
Pdo,TruncPoisson,FluctCorrDir,b,-0.148,-0.147,0.035,-0.215,-0.0816,FALSE
Pdo,TruncPoisson,FluctCorrDir,sigma_b,0.0648,0.0562,0.049,3.62e-5,0.161,FALSE
Pdo,TruncPoisson,FluctCorrDir,a,1.06,1.08,0.0762,0.917,1.22,FALSE
Pdo,TruncPoisson,FluctCorrDir,sigma_a,0.283,0.282,0.0642,0.179,0.418,FALSE
Pdo,TruncPoisson,FluctCorrDir,phi,-0.151,-0.439,0.429,-0.948,0.588,FALSE
Pdo,TruncPoisson,FluctCorrDir,sigma_ind,0.0303,0.00142,0.0269,1.99e-6,0.0865,FALSE
Pdo,TruncPoisson,FluctCorrDir,beta,-0.148,-0.157,0.0269,-0.201,-0.0948,FALSE
Pdo,TruncPoisson,FluctCorrDir,sigma_beta,0.0591,0.0636,0.0375,3.48e-5,0.126,FALSE
Pdo,TruncPoisson,FluctCorrOpt,theta,-8.06,-4.53,8.28,-25.9,-0.849,FALSE
Pdo,TruncPoisson,FluctCorrOpt,theta_unstd,-225,-126,231,-721,-23.7,FALSE
Pdo,TruncPoisson,FluctCorrOpt,sigma_theta,0.86,0.204,0.775,8.94e-4,2.43,FALSE
Pdo,TruncPoisson,FluctCorrOpt,sigma_theta_unstd,24,5.7,21.6,0.0249,67.8,FALSE
Pdo,TruncPoisson,FluctCorrOpt,log_Wmax,1.67,1.41,0.663,1.08,3.07,FALSE
Pdo,TruncPoisson,FluctCorrOpt,sigma_log_Wmax,0.248,0.249,0.0989,0.0102,0.395,FALSE
Pdo,TruncPoisson,FluctCorrOpt,omega,7.61,6.54,2.9,3.24,13.6,FALSE
Pdo,TruncPoisson,FluctCorrOpt,phi,0.133,0.591,0.529,-0.902,0.848,FALSE
Pdo,TruncPoisson,FluctCorrOpt,sigma_ind,0.0311,0.00493,0.0277,4.94e-6,0.0894,FALSE
Pdo,TruncPoisson,FluctCorrOpt,beta,-0.141,-0.144,0.0254,-0.193,-0.0922,FALSE
Pdo,TruncPoisson,FluctCorrOpt,sigma_beta,0.0167,0.0127,0.0136,0.00219,0.0465,FALSE
Pma1,Poisson,FluctCorrDir,b,-0.153,-0.146,0.0307,-0.21,-0.0904,FALSE
Pma1,Poisson,FluctCorrDir,sigma_b,0.0485,0.0405,0.0377,1.57e-4,0.121,FALSE
Pma1,Poisson,FluctCorrDir,a,1.99,1.98,0.0406,1.9,2.06,FALSE
Pma1,Poisson,FluctCorrDir,sigma_a,0.173,0.156,0.0352,0.112,0.249,FALSE
Pma1,Poisson,FluctCorrDir,phi,-0.0944,-0.136,0.442,-0.941,0.646,FALSE
Pma1,Poisson,FluctCorrDir,p_zi,0.34,0.335,0.0178,0.305,0.374,FALSE
Pma1,Poisson,FluctCorrDir,sigma_ind,0.033,0.0052,0.0269,4.83e-5,0.0879,FALSE
Pma1,Poisson,FluctCorrDir,beta,-0.153,-0.146,0.0259,-0.203,-0.101,FALSE
Pma1,Poisson,FluctCorrDir,sigma_beta,0.0449,0.0406,0.0321,1.36e-4,0.106,FALSE
Pma1,Poisson,FluctCorrOpt,theta,-6.31,-2.54,7.63,-23.7,-0.598,FALSE
Pma1,Poisson,FluctCorrOpt,theta_unstd,-121,-48.6,146,-454,-11.5,FALSE
Pma1,Poisson,FluctCorrOpt,sigma_theta,0.441,0.0711,0.421,5.14e-5,1.32,FALSE
Pma1,Poisson,FluctCorrOpt,sigma_theta_unstd,8.46,1.36,8.06,9.85e-4,25.4,FALSE
Pma1,Poisson,FluctCorrOpt,log_Wmax,2.46,2.18,0.637,2.02,3.94,FALSE
Pma1,Poisson,FluctCorrOpt,sigma_log_Wmax,0.161,0.173,0.054,0.0162,0.242,FALSE
Pma1,Poisson,FluctCorrOpt,omega,6.61,5.77,2.64,3.11,12.5,FALSE
Pma1,Poisson,FluctCorrOpt,phi,-0.0511,0.0761,0.472,-0.95,0.662,FALSE
Pma1,Poisson,FluctCorrOpt,p_zi,0.341,0.346,0.0179,0.307,0.376,FALSE
Pma1,Poisson,FluctCorrOpt,sigma_ind,0.033,0.0025,0.0268,7.13e-5,0.0878,FALSE
Pma1,Poisson,FluctCorrOpt,beta,-0.141,-0.141,0.0268,-0.192,-0.0869,FALSE
Pma1,Poisson,FluctCorrOpt,sigma_beta,0.0126,0.00901,0.0109,0.00164,0.0363,FALSE
Pma2,ZIPoisson,FluctCorrDir,b,-0.0577,-0.0616,0.0276,-0.11,-0.00467,FALSE
Pma2,ZIPoisson,FluctCorrDir,sigma_b,0.0332,0.0162,0.0388,2.42e-7,0.113,FALSE
Pma2,ZIPoisson,FluctCorrDir,a,1.61,1.63,0.0697,1.48,1.74,FALSE
Pma2,ZIPoisson,FluctCorrDir,sigma_a,0.156,0.127,0.0856,0.0675,0.325,FALSE
Pma2,ZIPoisson,FluctCorrDir,phi,-0.284,-0.562,0.436,-0.987,0.539,FALSE
Pma2,ZIPoisson,FluctCorrDir,p_zi,0.321,0.322,0.0162,0.289,0.352,FALSE
Pma2,ZIPoisson,FluctCorrDir,sigma_ind,0.0269,0.00421,0.0236,2.56e-6,0.0774,FALSE
Pma2,ZIPoisson,FluctCorrDir,beta,-0.0585,-0.0621,0.023,-0.105,-0.0159,FALSE
Pma2,ZIPoisson,FluctCorrDir,sigma_beta,0.029,0.00109,0.0251,1.5e-7,0.081,FALSE
Pma2,ZIPoisson,FluctCorrOpt,theta,-2.36,-1.53,2.83,-9.16,1.33,FALSE
Pma2,ZIPoisson,FluctCorrOpt,theta_unstd,-41.7,-27,49.9,-162,23.4,FALSE
Pma2,ZIPoisson,FluctCorrOpt,sigma_theta,3.27,0.584,3.48,2.17e-4,10.1,FALSE
Pma2,ZIPoisson,FluctCorrOpt,sigma_theta_unstd,57.7,10.3,61.5,0.00383,179,FALSE
Pma2,ZIPoisson,FluctCorrOpt,log_Wmax,1.73,1.72,0.108,1.55,1.96,FALSE
Pma2,ZIPoisson,FluctCorrOpt,sigma_log_Wmax,0.138,0.0996,0.101,9.57e-5,0.316,FALSE
Pma2,ZIPoisson,FluctCorrOpt,omega,6.72,6.49,2.47,3.04,11.8,FALSE
Pma2,ZIPoisson,FluctCorrOpt,phi,-0.275,-0.724,0.433,-0.988,0.526,FALSE
Pma2,ZIPoisson,FluctCorrOpt,p_zi,0.314,0.314,0.0175,0.28,0.347,FALSE
Pma2,ZIPoisson,FluctCorrOpt,sigma_ind,0.0275,0.00608,0.0237,5.99e-6,0.0771,FALSE
Pma2,ZIPoisson,FluctCorrOpt,beta,-0.053,-0.0536,0.0264,-0.101,0.0043,FALSE
Pma2,ZIPoisson,FluctCorrOpt,sigma_beta,0.0644,0.00729,0.0473,0.00261,0.15,FALSE
Pma3,ZIPoisson,FluctCorrDir,b,-0.0088,-0.0111,0.00761,-0.0237,0.00608,TRUE
Pma3,ZIPoisson,FluctCorrDir,sigma_b,0.0123,0.00629,0.0098,5.66e-5,0.0323,TRUE
Pma3,ZIPoisson,FluctCorrDir,a,2.14,2.14,0.0169,2.11,2.17,TRUE
Pma3,ZIPoisson,FluctCorrDir,sigma_a,0.114,0.117,0.0152,0.087,0.145,TRUE
Pma3,ZIPoisson,FluctCorrDir,phi,-0.171,-0.101,0.442,-0.96,0.64,TRUE
Pma3,ZIPoisson,FluctCorrDir,p_zi,0.133,0.134,0.007,0.12,0.147,TRUE
Pma3,ZIPoisson,FluctCorrDir,sigma_ind,0.00753,0.00206,0.00657,1.36e-5,0.0212,TRUE
Pma3,ZIPoisson,FluctCorrDir,beta,-0.0088,-0.0105,0.00709,-0.0229,0.00518,TRUE
Pma3,ZIPoisson,FluctCorrDir,sigma_beta,0.0119,0.00865,0.00907,3.5e-5,0.03,TRUE
Pma3,ZIPoisson,FluctCorrOpt,theta,-1.3,-0.522,2.76,-7.95,2.48,TRUE
Pma3,ZIPoisson,FluctCorrOpt,theta_unstd,-6.08,-2.45,12.9,-37.3,11.6,TRUE
Pma3,ZIPoisson,FluctCorrOpt,sigma_theta,4.29,3.92,2.15,0.0832,8.23,TRUE
Pma3,ZIPoisson,FluctCorrOpt,sigma_theta_unstd,20.1,18.4,10.1,0.39,38.6,TRUE
Pma3,ZIPoisson,FluctCorrOpt,log_Wmax,2.21,2.21,0.0314,2.15,2.27,TRUE
Pma3,ZIPoisson,FluctCorrOpt,sigma_log_Wmax,0.0726,0.0877,0.0271,0.0189,0.125,TRUE
Pma3,ZIPoisson,FluctCorrOpt,omega,11.9,11.3,2.56,7.88,17.3,TRUE
Pma3,ZIPoisson,FluctCorrOpt,phi,0.764,0.899,0.466,-0.541,0.989,TRUE
Pma3,ZIPoisson,FluctCorrOpt,p_zi,0.134,0.133,0.00701,0.12,0.147,TRUE
Pma3,ZIPoisson,FluctCorrOpt,sigma_ind,0.00737,0.00218,0.00643,1.1e-6,0.0211,TRUE
Pma3,ZIPoisson,FluctCorrOpt,beta,-0.0113,-0.0125,0.00736,-0.0235,0.00441,TRUE
Pma3,ZIPoisson,FluctCorrOpt,sigma_beta,0.0285,0.0279,0.00781,0.0109,0.0426,TRUE
Pma4,ZIPoisson,FluctCorrDir,b,-0.0305,-0.0317,0.00957,-0.0488,-0.0121,TRUE
Pma4,ZIPoisson,FluctCorrDir,sigma_b,0.012,0.00518,0.0103,1.17e-5,0.0329,TRUE
Pma4,ZIPoisson,FluctCorrDir,a,2.06,2.06,0.0227,2.01,2.1,TRUE
Pma4,ZIPoisson,FluctCorrDir,sigma_a,0.147,0.14,0.0192,0.112,0.186,TRUE
Pma4,ZIPoisson,FluctCorrDir,phi,-0.228,-0.495,0.457,-0.948,0.652,TRUE
Pma4,ZIPoisson,FluctCorrDir,p_zi,0.138,0.138,0.00809,0.124,0.155,TRUE
Pma4,ZIPoisson,FluctCorrDir,sigma_ind,0.00978,0.00224,0.00889,2.1e-5,0.0287,TRUE
Pma4,ZIPoisson,FluctCorrDir,beta,-0.0305,-0.0286,0.0091,-0.0476,-0.0121,TRUE
Pma4,ZIPoisson,FluctCorrDir,sigma_beta,0.0116,4.84e-4,0.00955,9.46e-6,0.0317,TRUE
Pma4,ZIPoisson,FluctCorrOpt,theta,-2.55,-1.53,2.09,-6.95,0.879,TRUE
Pma4,ZIPoisson,FluctCorrOpt,theta_unstd,-12.5,-7.51,10.3,-34.1,4.31,TRUE
Pma4,ZIPoisson,FluctCorrOpt,sigma_theta,3.56,3.21,1.07,1.94,5.75,TRUE
Pma4,ZIPoisson,FluctCorrOpt,sigma_theta_unstd,17.5,15.7,5.24,9.52,28.2,TRUE
Pma4,ZIPoisson,FluctCorrOpt,log_Wmax,2.16,2.16,0.0297,2.11,2.22,TRUE
Pma4,ZIPoisson,FluctCorrOpt,sigma_log_Wmax,0.0512,0.0534,0.0264,8.46e-4,0.0936,TRUE
Pma4,ZIPoisson,FluctCorrOpt,omega,8.95,8.16,1.72,6.36,12.7,TRUE
Pma4,ZIPoisson,FluctCorrOpt,phi,0.744,0.75,0.155,0.417,0.974,TRUE
Pma4,ZIPoisson,FluctCorrOpt,p_zi,0.138,0.14,0.00806,0.122,0.153,TRUE
Pma4,ZIPoisson,FluctCorrOpt,sigma_ind,0.0102,0.00184,0.00879,1.36e-5,0.0282,TRUE
Pma4,ZIPoisson,FluctCorrOpt,beta,-0.0334,-0.0336,0.0079,-0.0496,-0.0186,TRUE
Pma4,ZIPoisson,FluctCorrOpt,sigma_beta,0.037,0.0434,0.00957,0.0193,0.0566,TRUE
Pma5,ZIPoisson,FluctCorrDir,b,0.0139,0.0145,0.00793,-0.00121,0.0298,FALSE
Pma5,ZIPoisson,FluctCorrDir,sigma_b,0.0216,0.0247,0.011,1.77e-5,0.0392,FALSE
Pma5,ZIPoisson,FluctCorrDir,a,1.85,1.85,0.0178,1.81,1.88,FALSE
Pma5,ZIPoisson,FluctCorrDir,sigma_a,0.114,0.11,0.0153,0.0873,0.147,FALSE
Pma5,ZIPoisson,FluctCorrDir,phi,0.0795,0.141,0.433,-0.699,0.908,FALSE
Pma5,ZIPoisson,FluctCorrDir,p_zi,0.167,0.166,0.00545,0.157,0.178,FALSE
Pma5,ZIPoisson,FluctCorrDir,sigma_ind,0.00784,0.00181,0.00697,1.25e-5,0.023,FALSE
Pma5,ZIPoisson,FluctCorrDir,beta,0.0141,0.011,0.00676,1.97e-4,0.0269,FALSE
Pma5,ZIPoisson,FluctCorrDir,sigma_beta,0.0208,0.0228,0.0101,3.12e-5,0.0367,FALSE
Pma5,ZIPoisson,FluctCorrOpt,theta,0.918,0.897,1.12,-1.07,3.26,FALSE
Pma5,ZIPoisson,FluctCorrOpt,theta_unstd,4.93,4.82,6.02,-5.76,17.5,FALSE
Pma5,ZIPoisson,FluctCorrOpt,sigma_theta,1.63,1.36,0.876,0.0213,3.41,FALSE
Pma5,ZIPoisson,FluctCorrOpt,sigma_theta_unstd,8.77,7.28,4.7,0.114,18.3,FALSE
Pma5,ZIPoisson,FluctCorrOpt,log_Wmax,1.89,1.89,0.0222,1.85,1.93,FALSE
Pma5,ZIPoisson,FluctCorrOpt,sigma_log_Wmax,0.11,0.108,0.0179,0.078,0.147,FALSE
Pma5,ZIPoisson,FluctCorrOpt,omega,7.9,7.52,2.2,5.34,12.9,FALSE
Pma5,ZIPoisson,FluctCorrOpt,phi,0.677,0.875,0.46,-0.483,0.985,FALSE
Pma5,ZIPoisson,FluctCorrOpt,p_zi,0.167,0.166,0.00529,0.157,0.177,FALSE
Pma5,ZIPoisson,FluctCorrOpt,sigma_ind,0.00778,0.00371,0.00692,3.45e-7,0.0224,FALSE
Pma5,ZIPoisson,FluctCorrOpt,beta,0.0116,0.012,0.00648,-8.14e-4,0.0245,FALSE
Pma5,ZIPoisson,FluctCorrOpt,sigma_beta,0.027,0.0304,0.00866,0.00712,0.0406,FALSE
Pma6,ZIPoisson,FluctCorrDir,b,-0.0361,-0.0341,0.0125,-0.061,-0.0122,TRUE
Pma6,ZIPoisson,FluctCorrDir,sigma_b,0.0585,0.0583,0.0119,0.0375,0.0839,TRUE
Pma6,ZIPoisson,FluctCorrDir,a,1.9,1.9,0.0266,1.84,1.95,TRUE
Pma6,ZIPoisson,FluctCorrDir,sigma_a,0.196,0.188,0.0216,0.157,0.241,TRUE
Pma6,ZIPoisson,FluctCorrDir,phi,0.179,0.176,0.219,-0.276,0.577,TRUE
Pma6,ZIPoisson,FluctCorrDir,p_zi,0.243,0.246,0.00613,0.231,0.255,TRUE
Pma6,ZIPoisson,FluctCorrDir,sigma_ind,0.0134,0.00485,0.0113,3.57e-5,0.0369,TRUE
Pma6,ZIPoisson,FluctCorrDir,beta,-0.0362,-0.0331,0.00732,-0.05,-0.0213,TRUE
Pma6,ZIPoisson,FluctCorrDir,sigma_beta,0.0569,0.0536,0.00968,0.0391,0.0764,TRUE
Pma6,ZIPoisson,FluctCorrOpt,theta,-0.61,-0.525,0.453,-1.58,0.19,TRUE
Pma6,ZIPoisson,FluctCorrOpt,theta_unstd,-3.39,-2.92,2.52,-8.77,1.06,TRUE
Pma6,ZIPoisson,FluctCorrOpt,sigma_theta,2.4,2.28,0.466,1.65,3.38,TRUE
Pma6,ZIPoisson,FluctCorrOpt,sigma_theta_unstd,13.3,12.7,2.59,9.15,18.8,TRUE
Pma6,ZIPoisson,FluctCorrOpt,log_Wmax,1.99,1.99,0.0252,1.94,2.04,TRUE
Pma6,ZIPoisson,FluctCorrOpt,sigma_log_Wmax,0.158,0.155,0.0209,0.119,0.2,TRUE
Pma6,ZIPoisson,FluctCorrOpt,omega,5.54,5.51,0.679,4.39,6.94,TRUE
Pma6,ZIPoisson,FluctCorrOpt,phi,0.0209,0.0321,0.204,-0.41,0.384,TRUE
Pma6,ZIPoisson,FluctCorrOpt,p_zi,0.242,0.241,0.00622,0.23,0.254,TRUE
Pma6,ZIPoisson,FluctCorrOpt,sigma_ind,0.0128,0.00149,0.0109,5e-6,0.0361,TRUE
Pma6,ZIPoisson,FluctCorrOpt,beta,-0.0222,-0.0208,0.0073,-0.0364,-0.00782,TRUE
Pma6,ZIPoisson,FluctCorrOpt,sigma_beta,0.0692,0.0703,0.00859,0.053,0.086,TRUE
Pma7,ZIPoisson,FluctCorrDir,b,-0.0855,-0.0849,0.0245,-0.133,-0.0412,FALSE
Pma7,ZIPoisson,FluctCorrDir,sigma_b,0.0312,0.00475,0.0291,3.78e-5,0.0936,FALSE
Pma7,ZIPoisson,FluctCorrDir,a,1.69,1.69,0.0408,1.61,1.77,FALSE
Pma7,ZIPoisson,FluctCorrDir,sigma_a,0.15,0.151,0.0385,0.0842,0.233,FALSE
Pma7,ZIPoisson,FluctCorrDir,phi,-0.173,-0.0827,0.452,-0.979,0.639,FALSE
Pma7,ZIPoisson,FluctCorrDir,p_zi,0.247,0.255,0.0164,0.216,0.28,FALSE
Pma7,ZIPoisson,FluctCorrDir,sigma_ind,0.0318,0.0172,0.0271,2.82e-6,0.0889,FALSE
Pma7,ZIPoisson,FluctCorrDir,beta,-0.0858,-0.0859,0.0202,-0.125,-0.0482,FALSE
Pma7,ZIPoisson,FluctCorrDir,sigma_beta,0.0283,0.0177,0.023,4e-5,0.0759,FALSE
Pma7,ZIPoisson,FluctCorrOpt,theta,-5.35,-3.84,5.26,-16.8,-0.383,FALSE
Pma7,ZIPoisson,FluctCorrOpt,theta_unstd,-75.9,-54.5,74.6,-238,-5.44,FALSE
Pma7,ZIPoisson,FluctCorrOpt,sigma_theta,0.755,0.104,0.74,0.00138,2.2,FALSE
Pma7,ZIPoisson,FluctCorrOpt,sigma_theta_unstd,10.7,1.47,10.5,0.0196,31.2,FALSE
Pma7,ZIPoisson,FluctCorrOpt,log_Wmax,1.92,1.86,0.269,1.67,2.52,FALSE
Pma7,ZIPoisson,FluctCorrOpt,sigma_log_Wmax,0.138,0.137,0.0474,0.0307,0.23,FALSE
Pma7,ZIPoisson,FluctCorrOpt,omega,8.31,6.89,2.73,4.46,14.2,FALSE
Pma7,ZIPoisson,FluctCorrOpt,phi,-0.347,-0.568,0.408,-0.977,0.462,FALSE
Pma7,ZIPoisson,FluctCorrOpt,p_zi,0.247,0.238,0.0158,0.214,0.276,FALSE
Pma7,ZIPoisson,FluctCorrOpt,sigma_ind,0.0338,0.00571,0.0273,2.25e-5,0.091,FALSE
Pma7,ZIPoisson,FluctCorrOpt,beta,-0.077,-0.0768,0.0205,-0.115,-0.036,FALSE
Pma7,ZIPoisson,FluctCorrOpt,sigma_beta,0.0121,0.00791,0.00963,0.00128,0.0331,FALSE
Pma8,ZIPoisson,FluctCorrDir,b,-0.0749,-0.0745,0.00616,-0.0879,-0.0635,TRUE
Pma8,ZIPoisson,FluctCorrDir,sigma_b,0.0332,0.0356,0.00748,0.0197,0.0478,TRUE
Pma8,ZIPoisson,FluctCorrDir,a,1.96,1.96,0.0245,1.92,2.02,TRUE
Pma8,ZIPoisson,FluctCorrDir,sigma_a,0.17,0.174,0.0185,0.136,0.209,TRUE
Pma8,ZIPoisson,FluctCorrDir,phi,-0.298,-0.381,0.3,-0.798,0.345,TRUE
Pma8,ZIPoisson,FluctCorrDir,p_zi,0.262,0.262,0.00397,0.254,0.27,TRUE
Pma8,ZIPoisson,FluctCorrDir,sigma_ind,0.00446,7.43e-4,0.00415,2.55e-6,0.0133,TRUE
Pma8,ZIPoisson,FluctCorrDir,beta,-0.0747,-0.074,0.0047,-0.0838,-0.0655,TRUE
Pma8,ZIPoisson,FluctCorrDir,sigma_beta,0.032,0.0316,0.00576,0.021,0.0435,TRUE
Pma8,ZIPoisson,FluctCorrOpt,theta,-12.1,-10.4,5.25,-24.1,-4.89,TRUE
Pma8,ZIPoisson,FluctCorrOpt,theta_unstd,-82.4,-70.6,35.7,-164,-33.3,TRUE
Pma8,ZIPoisson,FluctCorrOpt,sigma_theta,2.14,2,0.665,1.26,3.66,TRUE
Pma8,ZIPoisson,FluctCorrOpt,sigma_theta_unstd,14.6,13.6,4.52,8.57,24.9,TRUE
Pma8,ZIPoisson,FluctCorrOpt,log_Wmax,2.41,2.34,0.194,2.14,2.84,TRUE
Pma8,ZIPoisson,FluctCorrOpt,sigma_log_Wmax,0.054,0.0652,0.0268,3.12e-5,0.096,TRUE
Pma8,ZIPoisson,FluctCorrOpt,omega,12.6,11.7,2.42,8.66,18,TRUE
Pma8,ZIPoisson,FluctCorrOpt,phi,0.832,0.845,0.0925,0.644,0.972,TRUE
Pma8,ZIPoisson,FluctCorrOpt,p_zi,0.262,0.262,0.0039,0.255,0.27,TRUE
Pma8,ZIPoisson,FluctCorrOpt,sigma_ind,0.00461,7.11e-4,0.00423,1.44e-7,0.0139,TRUE
Pma8,ZIPoisson,FluctCorrOpt,beta,-0.0742,-0.0751,0.00423,-0.0821,-0.0657,TRUE
Pma8,ZIPoisson,FluctCorrOpt,sigma_beta,0.0112,0.0106,0.0037200000000000002,0.00504,0.0188,TRUE
Psa,ZIPoisson,FluctCorrDir,b,-0.167,-0.164,0.0204,-0.206,-0.128,FALSE
Psa,ZIPoisson,FluctCorrDir,sigma_b,0.0291,0.0139,0.0278,4.13e-5,0.0853,FALSE
Psa,ZIPoisson,FluctCorrDir,a,1.5,1.5,0.023,1.45,1.54,FALSE
Psa,ZIPoisson,FluctCorrDir,sigma_a,0.0647,0.0601,0.0264,0.0133,0.12,FALSE
Psa,ZIPoisson,FluctCorrDir,phi,-0.387,-0.447,0.42,-0.988,0.453,FALSE
Psa,ZIPoisson,FluctCorrDir,p_zi,0.0632,0.0593,0.00867,0.0469,0.0807,FALSE
Psa,ZIPoisson,FluctCorrDir,sigma_ind,0.0207,0.00997,0.0181,3.65e-5,0.0592,FALSE
Psa,ZIPoisson,FluctCorrDir,beta,-0.167,-0.164,0.0188,-0.204,-0.132,FALSE
Psa,ZIPoisson,FluctCorrDir,sigma_beta,0.0262,0.021,0.0199,2.24e-5,0.0656,FALSE
Psa,ZIPoisson,FluctCorrOpt,theta,-13.8,-9.6,9.69,-35.4,-3.6,FALSE
Psa,ZIPoisson,FluctCorrOpt,theta_unstd,-125,-86.9,87.7,-320,-32.5,FALSE
Psa,ZIPoisson,FluctCorrOpt,sigma_theta,0.352,0.312,0.248,9.2e-5,0.809,FALSE
Psa,ZIPoisson,FluctCorrOpt,sigma_theta_unstd,3.19,2.82,2.25,8.32e-4,7.32,FALSE
Psa,ZIPoisson,FluctCorrOpt,log_Wmax,2.59,2.33,0.865,1.75,4.54,FALSE
Psa,ZIPoisson,FluctCorrOpt,sigma_log_Wmax,0.0435,0.0438,0.0298,3.74e-5,0.0972,FALSE
Psa,ZIPoisson,FluctCorrOpt,omega,9.29,8.92,2.58,5.44,15.1,FALSE
Psa,ZIPoisson,FluctCorrOpt,phi,-0.512,-0.743,0.377,-0.984,0.322,FALSE
Psa,ZIPoisson,FluctCorrOpt,p_zi,0.0631,0.0649,0.00858,0.0477,0.0806,FALSE
Psa,ZIPoisson,FluctCorrOpt,sigma_ind,0.0207,0.00717,0.0179,5.5e-6,0.0592,FALSE
Psa,ZIPoisson,FluctCorrOpt,beta,-0.157,-0.162,0.0189,-0.195,-0.122,FALSE
Psa,ZIPoisson,FluctCorrOpt,sigma_beta,0.00434,0.00342,0.00321,7.98e-4,0.0114,FALSE
Rta,Binom,FluctCorrDir,b,-0.501,-0.482,0.0935,-0.687,-0.323,TRUE
Rta,Binom,FluctCorrDir,sigma_b,0.317,0.305,0.145,0.0464,0.596,TRUE
Rta,Binom,FluctCorrDir,a,-0.229,-0.195,0.171,-0.576,0.0971,TRUE
Rta,Binom,FluctCorrDir,sigma_a,1.01,1.04,0.145,0.748,1.31,TRUE
Rta,Binom,FluctCorrDir,phi,-0.627,-0.78,0.32,-0.989,0.111,TRUE
Rta,Binom,FluctCorrDir,sigma_ind,0.235,0.0543,0.162,7.32e-4,0.542,TRUE
Rta,Binom,FluctCorrDir,beta,-0.249,-0.248,0.0418,-0.335,-0.172,TRUE
Rta,Binom,FluctCorrDir,sigma_beta,0.194,0.214,0.0493,0.102,0.294,TRUE
Rta,Binom,FluctCorrOpt,theta,-2.07,-1.72,0.729,-3.68,-1,TRUE
Rta,Binom,FluctCorrOpt,theta_unstd,-17.8,-14.8,6.27,-31.7,-8.63,TRUE
Rta,Binom,FluctCorrOpt,sigma_theta,0.65,0.438,0.518,4.77e-5,1.73,TRUE
Rta,Binom,FluctCorrOpt,sigma_theta_unstd,5.59,3.76,4.45,4.1e-4,14.8,TRUE
Rta,Binom,FluctCorrOpt,log_Wmax,0.663,0.502,0.422,0.0032,1.64,TRUE
Rta,Binom,FluctCorrOpt,sigma_log_Wmax,1.31,1.31,0.333,0.629,2.02,TRUE
Rta,Binom,FluctCorrOpt,omega,2.77,2.74,0.553,1.86,3.92,TRUE
Rta,Binom,FluctCorrOpt,phi,-0.321,-0.699,0.435,-0.988,0.479,TRUE
Rta,Binom,FluctCorrOpt,sigma_ind,0.35,0.321,0.27,2.09e-4,0.885,TRUE
Rta,Binom,FluctCorrOpt,beta,-0.221,-0.229,0.0395,-0.301,-0.145,TRUE
Rta,Binom,FluctCorrOpt,sigma_beta,0.0987,0.0821,0.0431,0.0331,0.188,TRUE
Thu,Poisson,FluctCorrDir,b,0.00624,0.00648,0.0477,-0.0856,0.101,TRUE
Thu,Poisson,FluctCorrDir,sigma_b,0.143,0.119,0.064,0.0262,0.269,TRUE
Thu,Poisson,FluctCorrDir,a,-0.781,-0.767,0.145,-1.06,-0.483,TRUE
Thu,Poisson,FluctCorrDir,sigma_a,0.683,0.685,0.117,0.505,0.948,TRUE
Thu,Poisson,FluctCorrDir,phi,-0.325,-0.388,0.373,-0.978,0.368,TRUE
Thu,Poisson,FluctCorrDir,sigma_ind,0.211,0.208,0.0925,0.00528,0.344,TRUE
Thu,Poisson,FluctCorrDir,beta,0.00611,0.0244,0.0386,-0.0694,0.0802,TRUE
Thu,Poisson,FluctCorrDir,sigma_beta,0.134,0.145,0.0471,0.0441,0.234,TRUE
Thu,Poisson,FluctCorrOpt,theta,-1.7,-2.11,2.66,-6.7,4.12,TRUE
Thu,Poisson,FluctCorrOpt,theta_unstd,-27,-33.6,42.3,-107,65.5,TRUE
Thu,Poisson,FluctCorrOpt,sigma_theta,6.76,5.99,2.89,2.2,13.4,TRUE
Thu,Poisson,FluctCorrOpt,sigma_theta_unstd,108,95.3,45.9,34.9,213,TRUE
Thu,Poisson,FluctCorrOpt,log_Wmax,-0.207,-0.173,0.208,-0.626,0.185,TRUE
Thu,Poisson,FluctCorrOpt,sigma_log_Wmax,0.48,0.413,0.152,0.228,0.805,TRUE
Thu,Poisson,FluctCorrOpt,omega,6.48,5.46,2.17,3.65,11.3,TRUE
Thu,Poisson,FluctCorrOpt,phi,-0.439,-0.659,0.33,-0.958,0.245,TRUE
Thu,Poisson,FluctCorrOpt,sigma_ind,0.207,0.25,0.0907,0.00618,0.342,TRUE
Thu,Poisson,FluctCorrOpt,beta,-0.0455,-0.0595,0.0408,-0.122,0.0434,TRUE
Thu,Poisson,FluctCorrOpt,sigma_beta,0.144,0.135,0.0525,0.0341,0.243,TRUE
Tme1,Poisson,FluctCorrDir,b,-0.312,-0.307,0.041,-0.392,-0.231,TRUE
Tme1,Poisson,FluctCorrDir,sigma_b,0.0673,0.0395,0.0603,6.09e-7,0.185,TRUE
Tme1,Poisson,FluctCorrDir,a,0.418,0.45,0.0924,0.233,0.599,TRUE
Tme1,Poisson,FluctCorrDir,sigma_a,0.35,0.346,0.0839,0.222,0.533,TRUE
Tme1,Poisson,FluctCorrDir,phi,-0.384,-0.601,0.434,-0.988,0.516,TRUE
Tme1,Poisson,FluctCorrDir,sigma_ind,0.0701,0.00424,0.0549,6.82e-6,0.179,TRUE
Tme1,Poisson,FluctCorrDir,beta,-0.311,-0.32,0.0374,-0.384,-0.239,TRUE
Tme1,Poisson,FluctCorrDir,sigma_beta,0.0618,0.0371,0.0426,5.74e-7,0.143,TRUE
Tme1,Poisson,FluctCorrOpt,theta,-1.59,-1.61,0.591,-2.81,-0.642,TRUE
Tme1,Poisson,FluctCorrOpt,theta_unstd,-11.9,-12.1,4.43,-21,-4.81,TRUE
Tme1,Poisson,FluctCorrOpt,sigma_theta,1.23,1.16,0.382,0.713,1.97,TRUE
Tme1,Poisson,FluctCorrOpt,sigma_theta_unstd,9.19,8.69,2.86,5.34,14.7,TRUE
Tme1,Poisson,FluctCorrOpt,log_Wmax,0.774,0.748,0.0814,0.63,0.936,TRUE
Tme1,Poisson,FluctCorrOpt,sigma_log_Wmax,0.0851,0.0395,0.0644,3.52e-5,0.211,TRUE
Tme1,Poisson,FluctCorrOpt,omega,2.31,2.21,0.349,1.77,3.07,TRUE
Tme1,Poisson,FluctCorrOpt,phi,-0.312,-0.305,0.269,-0.826,0.206,TRUE
Tme1,Poisson,FluctCorrOpt,sigma_ind,0.0594,0.031,0.0512,1.95e-7,0.169,TRUE
Tme1,Poisson,FluctCorrOpt,beta,-0.248,-0.248,0.0323,-0.31,-0.185,TRUE
Tme1,Poisson,FluctCorrOpt,sigma_beta,0.132,0.128,0.0311,0.0743,0.197,TRUE
Tme2,Poisson,FluctCorrDir,b,-0.342,-0.338,0.056,-0.456,-0.245,FALSE
Tme2,Poisson,FluctCorrDir,sigma_b,0.118,0.105,0.0758,6.41e-5,0.258,FALSE
Tme2,Poisson,FluctCorrDir,a,0.116,0.0692,0.154,-0.203,0.408,FALSE
Tme2,Poisson,FluctCorrDir,sigma_a,0.555,0.534,0.13,0.341,0.84,FALSE
Tme2,Poisson,FluctCorrDir,phi,-0.177,-0.196,0.411,-0.921,0.605,FALSE
Tme2,Poisson,FluctCorrDir,sigma_ind,0.23,0.233,0.0683,0.0833,0.361,FALSE
Tme2,Poisson,FluctCorrDir,beta,-0.346,-0.331,0.0414,-0.432,-0.27,FALSE
Tme2,Poisson,FluctCorrDir,sigma_beta,0.106,0.101,0.0542,6.96e-5,0.199,FALSE
Tme2,Poisson,FluctCorrOpt,theta,-7.86,-4.69,10.8,-34.6,-1.08,FALSE
Tme2,Poisson,FluctCorrOpt,theta_unstd,-75.1,-44.9,103,-331,-10.3,FALSE
Tme2,Poisson,FluctCorrOpt,sigma_theta,1.72,1.82,0.63,0.225,2.96,FALSE
Tme2,Poisson,FluctCorrOpt,sigma_theta_unstd,16.4,17.4,6.02,2.15,28.3,FALSE
Tme2,Poisson,FluctCorrOpt,log_Wmax,1.35,0.845,1.77,0.476,5.7,FALSE
Tme2,Poisson,FluctCorrOpt,sigma_log_Wmax,0.151,0.0308,0.172,2.32e-4,0.55,FALSE
Tme2,Poisson,FluctCorrOpt,omega,5.2,4.47,2.21,2.91,10.6,FALSE
Tme2,Poisson,FluctCorrOpt,phi,0.187,0.278,0.333,-0.501,0.812,FALSE
Tme2,Poisson,FluctCorrOpt,sigma_ind,0.245,0.25,0.0662,0.104,0.366,FALSE
Tme2,Poisson,FluctCorrOpt,beta,-0.284,-0.289,0.039,-0.359,-0.205,FALSE
Tme2,Poisson,FluctCorrOpt,sigma_beta,0.0541,0.029,0.0387,0.00309,0.133,FALSE
Uco,Poisson,FluctCorrDir,b,-0.114,-0.112,0.0545,-0.211,-0.00845,FALSE
Uco,Poisson,FluctCorrDir,sigma_b,0.0725,0.00962,0.0643,9.69e-5,0.203,FALSE
Uco,Poisson,FluctCorrDir,a,0.102,0.125,0.111,-0.122,0.308,FALSE
Uco,Poisson,FluctCorrDir,sigma_a,0.454,0.434,0.0994,0.285,0.658,FALSE
Uco,Poisson,FluctCorrDir,phi,-0.152,-0.607,0.482,-0.981,0.717,FALSE
Uco,Poisson,FluctCorrDir,sigma_ind,0.165,0.205,0.081,2.24e-4,0.292,FALSE
Uco,Poisson,FluctCorrDir,beta,-0.114,-0.101,0.0424,-0.195,-0.0303,FALSE
Uco,Poisson,FluctCorrDir,sigma_beta,0.0676,0.00549,0.0517,8.08e-5,0.171,FALSE
Uco,Poisson,FluctCorrOpt,theta,-5.65,-4,5.13,-16.8,1.22,FALSE
Uco,Poisson,FluctCorrOpt,theta_unstd,-24.6,-17.4,22.4,-73.2,5.32,FALSE
Uco,Poisson,FluctCorrOpt,sigma_theta,4.07,3.72,2.36,0.00135,8.71,FALSE
Uco,Poisson,FluctCorrOpt,sigma_theta_unstd,17.7,16.2,10.3,0.00591,38,FALSE
Uco,Poisson,FluctCorrOpt,log_Wmax,0.563,0.515,0.326,0.19,1.2,FALSE
Uco,Poisson,FluctCorrOpt,sigma_log_Wmax,0.196,0.198,0.146,1.67e-4,0.494,FALSE
Uco,Poisson,FluctCorrOpt,omega,7.86,6.93,2.44,4.32,13.2,FALSE
Uco,Poisson,FluctCorrOpt,phi,0.0759,0.158,0.341,-0.619,0.719,FALSE
Uco,Poisson,FluctCorrOpt,sigma_ind,0.165,0.2,0.0821,2.03e-4,0.294,FALSE
Uco,Poisson,FluctCorrOpt,beta,-0.0937,-0.09,0.0411,-0.168,-0.00745,FALSE
Uco,Poisson,FluctCorrOpt,sigma_beta,0.0637,0.0555,0.0389,0.00626,0.146,FALSE
